,date,text
0,15/01/2024,I absolutely love this amazing product! It's fantastic and wonderful!
1,15/01/2024,The service is terrible and disappointing. Very poor quality.
2,15/01/2024,Great day! Everything is working perfectly and smoothly.
3,15/01/2024,I'm very angry about the awful situation and terrible support.
4,15/01/2024,This is the best experience ever! Absolutely brilliant!
5,10/02/2024,The new feature is excellent and works like a charm.
6,10/02/2024,Disappointed with the lack of improvements and slow progress.
7,10/02/2024,Amazing customer service! They were so helpful and friendly.
8,10/02/2024,The product quality is disgusting and unacceptable!
9,10/02/2024,I'm thrilled and excited about the new updates!
10,05/03/2024,Love the beautiful design and intuitive interface.
11,05/03/2024,This is boring and tedious. Not worth the money.
12,05/03/2024,Wonderful experience from start to finish!
13,05/03/2024,Terrible performance and constant crashes. Nightmare!
14,05/03/2024,The team did an exceptional job. Very impressive work!
15,20/04/2024,Outstanding results! We're very satisfied with the outcome.
16,20/04/2024,Hate this awful mess. Complete disaster!
17,20/04/2024,Delighted with the perfect execution and attention to detail.
18,20/04/2024,Confusing interface makes it difficult to use properly.
19,20/04/2024,What a glorious achievement! Fantastic work everyone!
20,12/05/2024,The support team is incredibly helpful and responsive.
21,12/05/2024,This product is useless and a complete waste of money.
22,12/05/2024,Brilliant innovation! Love how it solves our problems!
23,12/05/2024,So frustrated with the unreliable and buggy software.
24,12/05/2024,Excellent quality and outstanding customer care!
25,08/06/2024,The latest version is superb and highly recommended!
26,08/06/2024,Worst experience ever. Absolutely terrible service.
27,08/06/2024,Amazing improvements! So much better than before.
28,08/06/2024,Angry about the poor quality and constant issues.
29,08/06/2024,Perfect! Exactly what we needed. Very satisfied!
30,18/07/2024,Love the new features and awesome enhancements!
31,18/07/2024,This is a nightmare. Completely broken and unusable.
32,18/07/2024,Great progress! The team is doing fantastic work!
33,18/07/2024,The customer support is friendly and very accommodating.
34,18/07/2024,Disgusting quality. Unacceptable and disappointing!
35,14/08/2024,Thrilled with the excellent performance and reliability!
36,14/08/2024,The interface is confusing and hard to navigate.
37,14/08/2024,Wonderful service! Highly impressed and satisfied!
38,14/08/2024,Terrible results. Complete failure and waste!
39,14/08/2024,Brilliant solution! Love how effective it is!
40,22/09/2024,The new update is phenomenal and game-changing!
41,22/09/2024,Hate the poor design and terrible user experience.
42,22/09/2024,Fantastic achievement! The results are outstanding!
43,22/09/2024,Nervous about the stability but hoping for the best.
44,22/09/2024,Delighted with the smooth and seamless experience!
45,30/10/2024,Outstanding features! Very impressed with the quality.
46,30/10/2024,This is awful! Worst purchase ever made!
47,30/10/2024,Excellent collaboration and amazing teamwork!
48,30/10/2024,The support is slow and unhelpful. Very disappointing.
49,30/10/2024,Beautiful interface and intuitive design. Love it!
50,25/11/2024,Great improvements! So much more efficient now!
51,25/11/2024,Frustrated with the bugs and technical issues.
52,25/11/2024,The team is fantastic! Great job everyone!
53,25/11/2024,Wonderful experience overall. Highly satisfied!
54,25/11/2024,This product is excellent and worth every penny!
55,20/12/2024,Angry about the lack of progress and broken promises.
56,20/12/2024,Thrilled with the fantastic results and improvements!
57,20/12/2024,The interface is confusing and poorly designed.
58,20/12/2024,Excellent service and great attention to detail!
59,20/12/2024,This is the best investment we could have made!
