date,text
2023-01-01,I am absolutely delighted with this wonderful product!
2023-01-01,This brings me so much joy and happiness! Excellent news!
2023-01-02,I feel fantastic and energized by this amazing experience!
2023-01-02,What a fantastic day! Everything is going perfectly!
2023-01-03,I'm thrilled about this incredible opportunity! Life is beautiful!
2023-01-03,This is absolutely splendid! I feel wonderful and satisfied!
2023-01-04,I'm overjoyed with the beautiful results! Exceeded expectations!
2023-01-04,This achievement fills me with great joy and pride!
2023-01-05,I feel phenomenal today! Life is wonderful and positive!
2023-01-05,This experience brought me pure elation and delight!
2023-01-06,Wonderful news! I'm so pleased and delighted!
2023-01-06,I'm grateful for this amazing blessing! Joy fills my heart!
2023-01-07,Perfect! This made me incredibly happy and content!
2023-01-07,I'm beaming with pride and happiness about this!
2023-01-08,Marvelous! This is the best day ever!
2023-01-08,I'm thrilled beyond words! This is spectacular!
2023-01-09,Fantastic outcome! I'm genuinely very happy!
2023-01-09,This success brings me tremendous joy and satisfaction!
2023-01-10,Absolutely delightful! I couldn't be happier!
2023-01-10,I feel blessed and fortunate! This is wonderful!
2023-01-15,I'm quite surprised by this unexpected turn of events!
2023-01-15,What an astonishing development! Remarkable and intriguing!
2023-01-16,This is incredibly surprising and fascinating!
2023-01-16,I never expected this shocking discovery!
2023-01-17,What a startling and bewildering situation!
2023-01-17,This is quite surprising! Caught completely off guard!
2023-01-18,I'm amazed by this astounding revelation!
2023-01-18,Truly mind-blowing and unexpected! Extraordinary!
2023-01-19,This stunning discovery has left me astounded!
2023-01-19,What a remarkable surprise and revelation!
2023-01-20,I'm flabbergasted by this extraordinary turn!
2023-01-20,Positively astonishing! Couldn't believe this!
2023-01-21,What a curious turn of events! How intriguing!
2023-01-21,This bewildering occurrence is absolutely surprising!
2023-01-22,I'm astounded by this remarkable development!
2023-01-22,What an unexpected and interesting revelation!
2023-01-25,This situation is perfectly ordinary and typical.
2023-01-25,Nothing special here. Just a normal day.
2023-01-26,It's just routine tasks and average activities.
2023-01-26,Everything is fine. Nothing particularly notable.
2023-01-27,This is standard and unremarkable.
2023-01-27,Not much to say about it.
2023-01-28,Just another day passing by quietly.
2023-01-28,Nothing particularly exciting or notable.
2023-01-29,This is adequate and satisfactory.
2023-01-29,Serves its purpose well enough.
2023-01-30,A fairly common occurrence here.
2023-01-30,Nothing extraordinary about this situation.
2023-02-01,I'm terrified by this horrifying situation!
2023-02-01,I feel absolute fear and dread!
2023-02-02,This is completely frightening! I'm petrified!
2023-02-02,Trembling with fear! This nightmare is unbearable!
2023-02-03,I'm so scared and anxious!
2023-02-03,This horrifying experience leaves me shaken!
2023-02-04,I'm fearful and deeply anxious about this!
2023-02-04,My heart pounds with overwhelming dread!
2023-02-05,I'm panic-stricken! This awful situation!
2023-02-05,Filled with dread and panic!
2023-02-06,I feel deeply frightened and vulnerable!
2023-02-06,This is absolutely terrifying!
2023-02-07,My heart is racing with fear!
2023-02-07,This is horrifying and nightmarish!
2023-02-08,I'm consumed by dread and panic!
2023-02-08,This situation fills me with terror!
2023-02-09,I'm anxious and fearful about outcome!
2023-02-09,Deeply worried and apprehensive!
2023-02-10,I feel so sad and melancholy.
2023-02-10,This breaks my heart completely.
2023-02-11,I'm devastated and deeply sorrowful.
2023-02-11,Tears fill my eyes with sadness.
2023-02-12,This heartbreaking situation devastates me.
2023-02-12,I feel profoundly depressed and hopeless.
2023-02-13,I'm overwhelmed with sorrow and grief.
2023-02-13,My spirit is crushed by sadness.
2023-02-14,This tragedy has left me inconsolable.
2023-02-14,I feel deeply sad and broken.
2023-02-15,I feel miserable and forlorn.
2023-02-15,Despair weighs heavily on my heart.
2023-02-16,I'm drowning in sadness and hopelessness.
2023-02-16,This is unbearably painful and sad.
2023-02-17,My mood is devastated and melancholy.
2023-02-17,I feel lonely and profoundly unhappy.
2023-02-18,This loss fills me with grief.
2023-02-18,I'm sad and emotionally exhausted.
2023-02-19,I feel empty and sorrowful inside.
2023-02-19,My heart aches with deep sadness.
2023-02-20,This is absolutely despicable and repugnant!
2023-02-20,I find this utterly revolting!
2023-02-21,This disgusting behavior is abhorrent!
2023-02-21,I'm appalled and repulsed!
2023-02-22,I find this nauseating and loathsome!
2023-02-22,This is utterly offensive!
2023-02-23,This repugnant situation fills me with disgust!
2023-02-23,I feel contempt for this vile conduct!
2023-02-24,I'm disgusted by this detestable behavior!
2023-02-24,This is repulsive and offensive!
2023-02-25,This abominable behavior is revolting!
2023-02-25,I'm deeply repulsed by this!
2023-02-26,I find this offensive and disgusting!
2023-02-26,Utterly contemptible situation!
2023-02-27,This repulsive situation makes me sick!
2023-02-27,Absolutely nauseating and vile!
2023-03-01,I'm furious about this outrageous injustice!
2023-03-01,This makes me absolutely livid!
2023-03-02,I'm seething with rage and anger!
2023-03-02,This is infuriating beyond words!
2023-03-03,This enrages me completely!
2023-03-03,I'm burning with anger and resentment!
2023-03-04,I'm absolutely enraged by this!
2023-03-04,Unacceptable behavior! I'm furious!
2023-03-05,This situation fills me with intense fury!
2023-03-05,I feel wrath and anger building!
2023-03-06,I'm violently angry! This infuriates me!
2023-03-06,My core is burning with rage!
2023-03-07,I'm boiling with anger and indignation!
2023-03-07,This is maddening beyond belief!
2023-03-08,My blood is boiling! I'm furious!
2023-03-08,This outrage fills me with wrath!
2023-04-01,I'm quite surprised by this development!
2023-04-01,What an astonishing and remarkable event!
2023-04-02,This is incredibly surprising to me!
2023-04-02,I never expected this! Shocking!
2023-04-03,What a startling turn of events!
2023-04-03,Caught off guard! How surprising!
2023-04-04,I'm amazed by this revelation!
2023-04-04,Truly mind-blowing and unexpected!
2023-04-05,This stunning discovery astounded me!
2023-04-05,What a remarkable and astonishing event!
2023-04-06,I'm flabbergasted by this turn!
2023-04-06,Positively astonishing! Couldn't believe it!
2023-04-10,I'm extremely anxious about this!
2023-04-10,This troubling situation fills me with apprehension!
2023-04-11,This worrying development is concerning!
2023-04-11,I'm nervous and scared about what happens!
2023-04-12,This threatening situation is deeply concerning!
2023-04-12,I feel vulnerable and frightened!
2023-04-13,My heart races with fear and panic!
2023-04-13,This is alarming and unsettling!
2023-04-14,I'm filled with dread about the outcome!
2023-04-14,Anxious and worried about the future!
2023-04-15,I'm terrified of what might happen!
2023-04-15,This frightening situation worries me greatly!
2023-04-20,This loss fills my heart with sadness!
2023-04-20,I'm devastated and sorrowful!
2023-04-21,This tragic news leaves me depressed!
2023-04-21,My heart is broken. Deep despair!
2023-04-22,I'm overwhelmed with grief and suffering!
2023-04-22,This painful situation is inconsolable!
2023-04-23,I feel utterly miserable and hopeless!
2023-04-23,My spirit is crushed with sorrow!
2023-04-24,This loss brings me profound sadness!
2023-04-24,I feel empty and emotionally broken!
2023-04-25,I'm sad and grief-stricken by this!
2023-04-25,My heart aches with deep sadness!
2023-05-01,I'm thrilled with this wonderful achievement!
2023-05-01,What a fantastic and amazing experience!
2023-05-02,I feel delighted and genuinely happy!
2023-05-02,This brings me tremendous joy!
2023-05-03,I'm so pleased with these results!
2023-05-03,Wonderful news! I'm overjoyed!
2023-05-04,This is excellent! I'm very happy!
2023-05-04,I feel blessed and fortunate today!
2023-05-05,Perfect! This made my day wonderful!
2023-05-05,I'm beaming with happiness and pride!
2023-05-10,I'm shocked by this unexpected revelation!
2023-05-10,What a surprising and remarkable development!
2023-05-11,This astounding news caught me off guard!
2023-05-11,Completely unexpected! How astonishing!
2023-05-12,I'm amazed by this surprising turn!
2023-05-12,Truly remarkable and mind-blowing!
2023-05-13,What an incredible and surprising event!
2023-05-13,This bewildering discovery is astonishing!
2023-05-14,I'm astounded! Couldn't believe this!
2023-05-14,What a stunning and unexpected revelation!
2023-05-20,Everything is routine and ordinary here.
2023-05-20,Nothing special to report today.
2023-05-21,Just normal everyday activities.
2023-05-21,Standard situation. Nothing notable.
2023-05-22,This is typical and unremarkable.
2023-05-22,Not much to say. Pretty average.
2023-05-23,Ordinary circumstances. Nothing exciting.
2023-05-23,Just the usual. Fine and adequate.
2023-06-01,I'm terrified! This is horrifying!
2023-06-01,I feel absolute fear and dread!
2023-06-02,This is completely frightening!
2023-06-02,I'm petrified and trembling!
2023-06-03,I'm so scared and anxious!
2023-06-03,This nightmare feels unbearable!
2023-06-04,I feel deeply frightened!
2023-06-04,This is absolutely terrifying!
2023-06-05,My heart pounds with fear!
2023-06-05,I'm consumed by dread!
2023-06-10,I feel so sad and melancholy.
2023-06-10,This breaks my heart completely.
2023-06-11,I'm devastated and deeply sorrowful.
2023-06-11,Tears fill my eyes with sadness.
2023-06-12,This heartbreaking situation devastates me.
2023-06-12,I feel profoundly depressed.
2023-06-13,I'm overwhelmed with sorrow and grief.
2023-06-13,My spirit is crushed.
2023-06-14,This tragedy leaves me inconsolable.
2023-06-14,I feel deeply sad and broken.
2023-06-20,This is absolutely despicable!
2023-06-20,I find this utterly revolting!
2023-06-21,This disgusting behavior is abhorrent!
2023-06-21,I'm appalled and repulsed!
2023-06-22,I find this nauseating!
2023-06-22,This is utterly offensive!
2023-06-23,This repugnant situation fills me!
2023-06-23,I feel contempt for this!
2023-06-24,I'm disgusted by this behavior!
2023-06-24,This is repulsive!
2023-07-01,I'm furious about this injustice!
2023-07-01,This makes me absolutely livid!
2023-07-02,I'm seething with rage!
2023-07-02,This is infuriating!
2023-07-03,This enrages me completely!
2023-07-03,I'm burning with anger!
2023-07-04,I'm absolutely enraged!
2023-07-04,Unacceptable! I'm furious!
2023-07-05,This fills me with intense fury!
2023-07-05,I feel wrath and anger!
